{
  "sum": 316857594090,
  "mix": [
    [0.009407207382008115, "lognorm", [0.5695089083828208, 0, 168.31483058105243]],
    [0.17312295812379824, "lognorm", [2.7595401317975137, 0, 93883.02798770367]],
    [0.43986216271614037, "lognorm", [1.7858675869849288, 0, 6774471.650628629]],
    [0.2839171547563737, "lognorm", [1.0961958581817297, 0, 154533356.68405333]],
    [0.09369051702167534, "lognorm", [2.1426387348075004, 0, 1030601669.605034]]
  ]
}
