{
  "sum": 1737523167,
  "mix": [
    [0.5827340809061519, "uniform", [0, 1]],
    [0.18722586716889525, "uniform", [0, 2]],
    [0.09147052372747216, "uniform", [0, 3]],
    [0.05622351865268365, "uniform", [0, 4]],
    [0.029447542558586896, "lognorm", [0.48946755142877785, 0, 9.674436486545002]],
    [0.04022783768479337, "lognorm", [0.26026467622698696, 0, 4.8838363075201485]],
    [0.004722552787759103, "lognorm", [0.44942994700845956, 0, 29.41090858057708]],
    [0.005631263608965612, "lognorm", [0.9247173397792914, 0, 67.48121917707935]],
    [0.0018118271560744815, "lognorm", [1.0498087651873083, 0, 594.4921878194859]],
    [0.00032077017026583367, "lognorm", [1.8547729167446296, 0, 7892.503625889563]],
    [0.00015649931641790045, "lognorm", [1.1263636801013632, 0, 19824.000189566883]],
    [2.756716956778995e-05, "lognorm", [0.40128970829397104, 0, 90369.61088154344]],
    [1.4909236588009346e-07, "lognorm", [0.5733877781565124, 0, 12757029.472787634]]
  ]
}
