{
  "sum": 31098128445645,
  "mix": [
    [0.004294347339716763, "uniform", [0, 1]],
    [0.002828520769629071, "uniform", [0, 2]],
    [0.001066971856100983, "uniform", [0, 3]],
    [0.0017028778446197923, "uniform", [0, 4]],
    [0.0004732752524306332, "uniform", [0, 5]],
    [0.0011710470754648713, "uniform", [0, 6]],
    [0.0008916773469929783, "uniform", [0, 7]],
    [0.010034641229119045, "lognorm", [1.1076152185085193, 0, 22.255938063768316]],
    [0.23044127725909141, "lognorm", [2.2868576715155426, 0, 14556.169895186491]],
    [0.3148044616602549, "lognorm", [0.8072894441918375, 0, 97378.62560656141]],
    [0.28726231322202045, "lognorm", [1.1282822360447493, 0, 704887.045089726]],
    [0.1450285891445588, "lognorm", [0.550305719617275, 0, 19017262.81445133]]
  ]
}
