{
  "sum": 50730510162,
  "mix": [
    [0.015500700688304963, "uniform", [0, 1]],
    [0.009435060248085889, "uniform", [0, 2]],
    [0.0044931303724251555, "uniform", [0, 3]],
    [0.005412185554566266, "uniform", [0, 4]],
    [0.0016053021813832915, "uniform", [0, 5]],
    [0.004636517537471412, "uniform", [0, 6]],
    [0.002791076569731363, "uniform", [0, 7]],
    [0.015132565651191227, "lognorm", [0.7973580036468034, 0, 12.799911610401022]],
    [0.19438355109964933, "lognorm", [2.7929547227813876, 0, 8347.465832961101]],
    [0.16859560786890865, "lognorm", [0.5811494223637251, 0, 93439.76897592201]],
    [0.48811556105480514, "lognorm", [1.6416577840785012, 0, 212658.10830944445]],
    [0.08989874117347661, "lognorm", [0.663786121253159, 0, 16617548.048028754]]
  ]
}
