{
  "sum": 1737523167,
  "mix": [
    [0.6368318183834879, "lognorm", [0.30605856160365386, 0, 119.194382163552]],
    [0.2028143298183967, "lognorm", [0.22637348632484486, 0, 319.1796675129598]],
    [0.1252950133909036, "lognorm", [0.5892942594845255, 0, 630.2029144235321]],
    [0.027699290695991776, "lognorm", [0.7595903510694968, 0, 3216.4358332108045]],
    [0.00593176349325996, "lognorm", [1.1418301435106715, 0, 29016.641311394553]],
    [0.0011888113464049218, "lognorm", [1.301077232574143, 0, 650546.3136647696]],
    [0.0001853823086593862, "lognorm", [1.708941299345426, 0, 12790970.28730909]],
    [5.349084480822565e-05, "lognorm", [1.2758486935847089, 0, 22546730.947471276]],
    [9.971808265531352e-08, "lognorm", [0.5244356726513165, 0, 21229598019.06612]]
  ]
}
