{
  "sum": 31098128445645,
  "mix": [
    [0.008743954302478988, "lognorm", [0.6556352655697212, 0, 233.0991244107341]],
    [0.009043458696784244, "lognorm", [1.2293570646603522, 0, 2081.1893487186962]],
    [0.01390867553910152, "lognorm", [1.7865980995011648, 0, 95940.98742907401]],
    [0.03790862213756647, "lognorm", [2.122469298512453, 0, 1384290.7533060464]],
    [0.1314371359145332, "lognorm", [1.3846650107480718, 0, 8243117.92583758]],
    [0.24317263385123908, "lognorm", [1.1587390305442005, 0, 112649756.51562566]],
    [0.27828358762231536, "lognorm", [1.1813069072741065, 0, 204868989.52410865]],
    [0.1428515782894115, "lognorm", [1.1064603547801617, 0, 1629156765.603726]],
    [0.13465035364656983, "lognorm", [0.49190322615873755, 0, 28150000653.69207]]
  ]
}
