{
  "sum": 50730510162,
  "mix": [
    [0.010256204356373293, "lognorm", [0.17308480731567824, 0, 102.62679666811907]],
    [0.030844086441235714, "lognorm", [0.6432754020773255, 0, 267.6661032819417]],
    [0.02685706188133373, "lognorm", [1.4984158470482594, 0, 2965.85215348368]],
    [0.08580523855066874, "lognorm", [1.799761998854644, 0, 378347.651458613]],
    [0.18823579321779155, "lognorm", [1.0858777584070194, 0, 6754398.34678373]],
    [0.28805465555289284, "lognorm", [1.5399767728254337, 0, 42706686.55778615]],
    [0.22918391889821518, "lognorm", [1.4964054459366063, 0, 189231219.8306924]],
    [0.07888875545972893, "lognorm", [0.9014834641012421, 0, 1258964757.4953783]],
    [0.06187428564175922, "lognorm", [0.5087438892297369, 0, 27586008021.430702]]
  ]
}
