{
  "sum": 4032376751,
  "mix": [
    [0.4497906361559653, "lognorm", [0.34175078391897473, 0, 106.17447355160313]],
    [0.20202529703475075, "lognorm", [0.5101817117978749, 0, 277.73794315036764]],
    [0.2686551405035664, "lognorm", [1.2405299798036613, 0, 1000.0941580632929]],
    [0.06652202844011777, "lognorm", [1.4510132712335742, 0, 12992.64628652292]],
    [0.011003511443540722, "lognorm", [1.3716682216232716, 0, 278972.7874496522]],
    [0.001570538499585385, "lognorm", [1.170402255965132, 0, 4887559.237376043]],
    [0.0002925762771732014, "lognorm", [1.5106655494771746, 0, 28030827.245908234]],
    [0.0001402716452871713, "lognorm", [0.7079250058775732, 0, 83182771.95854142]]
  ]
}
