{
    "sum": 4032376751,
    "mix": [
        [0.0253, "weibull_min", [1.59446313912829, 0, 6.158232246676526e03]],
        [0.0156, "weibull_min", [0.799658874120580, 0, 8.449582018274425e04]],
        [0.9591, "genpareto", [1.592976233235260, 64, 1.019504789270566e02]]
    ]
}
