{
    "sum": 275858498994998,
    "mix": [
        [0.0360, "weibull_min", [0.695706222561205, 0, 1.049208893975079e05]],
        [0.1955, "weibull_min", [0.794683566329755, 0, 6.043600827796320e06]],
        [0.1907, "weibull_min", [1.682088691201507, 0, 6.233158823272441e07]],
        [0.2797, "weibull_min", [0.815894685448913, 0, 1.939345204645222e08]],
        [0.2982, "genpareto", [1.776022489205424, 100003000, 1.776075769880100e08]]
    ]
}
