{
  "sum": 275858498994998,
  "mix": [
    [0.0011944051253869015, "lognorm", [0.639216663545883, 0, 205.39570145352724]],
    [0.06609513687071847, "lognorm", [2.5939755817036816, 0, 201801.50782694208]],
    [0.539352749818114, "lognorm", [2.318501256979259, 0, 36854408.800504126]],
    [0.2985706291899, "lognorm", [0.8779242559828179, 0, 149420884.33002707]],
    [0.09478707899587897, "lognorm", [2.325330311848167, 0, 1131537916.3934507]]
  ]
}
