{
    "sum": 316857594090,
    "mix": [
        [0.2335, "genpareto", [1.883621311346026, 60324000, 1.136275719856377e08]],
        [0.0880, "weibull_min", [0.771681872656727, 0, 1.236887232583717e05]],
        [0.1807, "weibull_min", [0.822504546096419, 0, 2.329680549971682e08]],
        [0.3671, "weibull_min", [0.818222303046114, 0, 5.055914317220658e06]],
        [0.0336, "weibull_min", [0.746066300486181, 0, 2.278980930320582e03]],
        [0.0969, "weibull_min", [2.513833656491832, 0, 3.981912828258826e07]]
    ]
}
