{
  "sum": 4032376751,
  "mix": [
    [0.3050265769901237, "uniform", [0, 1]],
    [0.2484198800441619, "uniform", [0, 2]],
    [0.06366063664158106, "uniform", [0, 3]],
    [0.049216499659328734, "uniform", [0, 4]],
    [0.00931559166293732, "uniform", [0, 5]],
    [0.08217474157187248, "uniform", [0, 6]],
    [0.13126374982514846, "lognorm", [0.5207023493412835, 0, 7.8055992790704085]],
    [0.07328615421743477, "lognorm", [0.7701056575379265, 0, 22.10972501544739]],
    [0.0292891264871594, "lognorm", [1.1252645297342514, 0, 128.6451515069839]],
    [0.00834704290025077, "lognorm", [1.98383694524085, 0, 1084.4707584768782]]
  ]
}
