{
  "sum": 316857594090,
  "mix": [
    [0.002110368287712165, "uniform", [0, 1]],
    [0.005204902009087457, "uniform", [0, 2]],
    [0.0008611208380640299, "uniform", [0, 3]],
    [0.0001953848185699079, "uniform", [0, 4]],
    [1.9081822832806864e-06, "uniform", [0, 5]],
    [0.0048883553554204375, "uniform", [0, 6]],
    [0.02710154435301931, "lognorm", [0.9402388599292199, 0, 17.389638035271467]],
    [0.46884288920105865, "lognorm", [2.683257909795451, 0, 7959.875774748725]],
    [0.3938789200857053, "lognorm", [1.0517807783252187, 0, 78648.30394527224]],
    [0.09691460686907521, "lognorm", [2.1747855564359075, 0, 788388.3862527548]]
  ]
}
