{
  "sum": 275858498994998,
  "mix": [
    [0.0005522188937705094, "uniform", [0, 1]],
    [0.0006733419371011684, "uniform", [0, 2]],
    [8.712450629315575e-08, "uniform", [0, 3]],
    [1.7242898989451478e-07, "uniform", [0, 4]],
    [1.4615786843822656e-08, "uniform", [0, 5]],
    [0.0004861299541601516, "uniform", [0, 6]],
    [0.025410773535068393, "lognorm", [1.4734220306634367, 0, 60.469099992767916]],
    [0.47888389261362085, "lognorm", [2.3777777137900578, 0, 17998.560650283638]],
    [0.3478874901495348, "lognorm", [0.918261689867093, 0, 97153.89719008311]],
    [0.14610587874746267, "lognorm", [2.396148205892031, 0, 458689.5696009558]]
  ]
}
