{
    "sum": 4032376751,
    "mix": [
        [0.3072, "uniform", [0, 1]],
        [0.2465, "uniform", [0, 2]],
        [0.0495, "uniform", [0, 3]],
        [0.0537, "uniform", [0, 4]],
        [0.1043, "uniform", [0, 6]],
        [0.0940, "genpareto", [1.450289555235508, 16, 23.204632883768134]],
        [0.1448, "weibull_min", [2.296901396361971, 0, 9.594128278908507]]
    ]
}
