{
    "sum": 275858498994998,
    "mix": [
        [0.1031, "genpareto", [1.779914523687562, 364773, 6.492538451278421e05]],
        [0.0364, "weibull_min", [0.763166697701473, 0, 1.805880227867377e02]],
        [0.6381, "weibull_min", [0.984428347376388, 0, 9.685081880588410e04]],
        [0.0777, "weibull_min", [0.817655068475429, 0, 6.014287559342715e05]],
        [0.1448, "weibull_min", [0.827637252118728, 0, 4.240506212002927e03]]
    ]
}
