{
    "sum": 316857594090,
    "mix": [
        [0.4962, "weibull_min", [0.871979619519339, 0, 5.618410940817460e04]],
        [0.2435, "weibull_min", [0.944521992123986, 0, 2.371599165735591e05]],
        [0.1486, "weibull_min", [0.757830506972402, 0, 1.298651001259874e03]],
        [0.0696, "genpareto", [1.620805919646072, 710063, 1.150874313721649e06]],
        [0.0420, "weibull_min", [0.808007753041595, 0, 19.929536189816602]]
    ]
}
