{
  "sum": 2171291495,
  "mix": [
    [0.058043754929076714, "uniform", [0, 1]],
    [0.3105249919828018, "uniform", [0, 2]],
    [0.05509731658732791, "uniform", [0, 3]],
    [0.04775404343193455, "uniform", [0, 4]],
    [0.005882528205165834, "uniform", [0, 5]],
    [0.12529112884696628, "uniform", [0, 6]],
    [0.20654328341287823, "lognorm", [0.5122381561489622, 0, 7.9543319950074585]],
    [0.1218958369564864, "lognorm", [0.7507627341686453, 0, 21.74157327774004]],
    [0.052507436335709035, "lognorm", [1.1085442272126311, 0, 115.96889383386637]],
    [0.016459679311651095, "lognorm", [1.9932118957877463, 0, 845.9121788017795]]
  ]
}
