{
  "sum": 244338999568258,
  "mix": [
    [2.5026115836964763e-05, "uniform", [0, 1]],
    [0.00030848682168057884, "uniform", [0, 2]],
    [0.02629300957158946, "lognorm", [1.4420675639316636, 0, 60.96961570186466]],
    [0.4321437483202767, "lognorm", [2.391763848296885, 0, 16292.10824934533]],
    [0.34651782224968797, "lognorm", [0.9126642203716411, 0, 95464.19089587945]],
    [0.19471190692092794, "lognorm", [2.443090503208728, 0, 99187.63657881475]]
  ]
}
