{
  "sum": 264608398768,
  "mix": [
    [2.2755551196918487e-34, "uniform", [0, 1]],
    [0.003314106999833896, "uniform", [0, 2]],
    [6.013523396795704e-10, "uniform", [0, 3]],
    [2.932420026100149e-12, "uniform", [0, 4]],
    [1.067649619016758e-11, "uniform", [0, 5]],
    [0.003146634905134179, "uniform", [0, 6]],
    [0.027932504515234154, "lognorm", [0.9545700860476148, 0, 17.675326565099915]],
    [0.577076292381737, "lognorm", [2.840507837788255, 0, 10810.683862254062]],
    [0.27234230800741915, "lognorm", [0.9060624216365498, 0, 69254.18734698475]],
    [0.11618815257568235, "lognorm", [1.4971495459456274, 0, 117536.41362290115]]
  ]
}
