{
  "sum": 2171291495,
  "mix": [
    [0.3562156807623126, "lognorm", [0.3907230406692569, 0, 97.44862683388862]],
    [0.24596152653055356, "lognorm", [0.8090562734237499, 0, 309.3964432303163]],
    [0.29936868220923935, "lognorm", [1.0767646679156089, 0, 2126.6544290721135]],
    [0.08064998077948095, "lognorm", [1.3082593320270717, 0, 25680.662146577415]],
    [0.015038557697568579, "lognorm", [1.351326892378382, 0, 416680.99610410555]],
    [0.00207471133617079, "lognorm", [1.082474779920202, 0, 5602171.637581343]],
    [0.0006826279721182512, "lognorm", [1.0191138296449576, 0, 53432349.30912044]],
    [8.232712543896472e-06, "lognorm", [1.1904677440253855, 0, 514468038.51135993]]
  ]
}
