{
  "sum": 244338999568258,
  "mix": [
    [0.0200921533485388, "lognorm", [1.9499336579584527, 0, 17318.938696766047]],
    [0.12687459714739766, "lognorm", [1.8942474190198826, 0, 1211417.6962635145]],
    [0.6660517733754548, "lognorm", [1.9205983111977711, 0, 82901773.48206052]],
    [0.1592969497877428, "lognorm", [0.5987334669415345, 0, 153610747.54291907]],
    [0.02768452634085962, "lognorm", [3.729862894501239, 0, 263013346.81005827]]
  ]
}
