{
  "sum": 264608398768,
  "mix": [
    [0.019110043221941177, "lognorm", [1.4651993205076452, 0, 768.2474092753541]],
    [0.19262668725066606, "lognorm", [2.294092315962418, 0, 150980.85680126044]],
    [0.361860135712086, "lognorm", [1.5607143019561114, 0, 5548432.350720047]],
    [0.23460483078887964, "lognorm", [0.9099214043924188, 0, 141799840.02481562]],
    [0.1917983030264225, "lognorm", [2.175778867451218, 0, 192372125.20865577]]
  ]
}
